数据标签,时间戳,时间点,传感器ID,X轴值,Y轴值,Z轴值,手指1角度,手指2角度,手指3角度,手指4角度,手指5角度,手指6角度,迭代次数
111,20250619_195809,1750334289.661731,1,-777.9,-590.4,-743.182,0,0,682,766,990,0,1
数据标签,时间戳,时间点,传感器ID,X轴值,Y轴值,Z轴值,手指1角度,手指2角度,手指3角度,手指4角度,手指5角度,手指6角度,迭代次数
111,20250619_195809,1750334289.6979897,2,268.65,68.55,1318.174,0,0,682,766,990,0,1
数据标签,时间戳,时间点,传感器ID,X轴值,Y轴值,Z轴值,手指1角度,手指2角度,手指3角度,手指4角度,手指5角度,手指6角度,迭代次数
111,20250619_195809,1750334289.699653,3,49.95,38.1,188.518,0,0,682,766,990,0,1
数据标签,时间戳,时间点,传感器ID,X轴值,Y轴值,Z轴值,手指1角度,手指2角度,手指3角度,手指4角度,手指5角度,手指6角度,迭代次数
111,20250619_195810,1750334290.7864776,1,-776.4,-588.6,-741.488,0,0,680,764,988,0,2
数据标签,时间戳,时间点,传感器ID,X轴值,Y轴值,Z轴值,手指1角度,手指2角度,手指3角度,手指4角度,手指5角度,手指6角度,迭代次数
111,20250619_195810,1750334290.7875662,2,267.6,69.15,1316.722,0,0,680,764,988,0,2
数据标签,时间戳,时间点,传感器ID,X轴值,Y轴值,Z轴值,手指1角度,手指2角度,手指3角度,手指4角度,手指5角度,手指6角度,迭代次数
111,20250619_195810,1750334290.7885723,3,51.3,39.45,189.97,0,0,680,764,988,0,2
数据标签,时间戳,时间点,传感器ID,X轴值,Y轴值,Z轴值,手指1角度,手指2角度,手指3角度,手指4角度,手指5角度,手指6角度,迭代次数
111,20250619_195811,1750334291.7973225,1,-774.45,-587.1,-741.488,0,0,678,762,986,0,3
数据标签,时间戳,时间点,传感器ID,X轴值,Y轴值,Z轴值,手指1角度,手指2角度,手指3角度,手指4角度,手指5角度,手指6角度,迭代次数
111,20250619_195811,1750334291.7984498,2,267.3,69.15,1317.2059,0,0,678,762,986,0,3
数据标签,时间戳,时间点,传感器ID,X轴值,Y轴值,Z轴值,手指1角度,手指2角度,手指3角度,手指4角度,手指5角度,手指6角度,迭代次数
111,20250619_195811,1750334291.7995634,3,50.4,39.15,189.002,0,0,678,762,986,0,3
数据标签,时间戳,时间点,传感器ID,X轴值,Y轴值,Z轴值,手指1角度,手指2角度,手指3角度,手指4角度,手指5角度,手指6角度,迭代次数
111,20250619_195904,1750334344.193496,1,-751.8,-568.35,-723.096,0,0,678,762,986,0,0
数据标签,时间戳,时间点,传感器ID,X轴值,Y轴值,Z轴值,手指1角度,手指2角度,手指3角度,手指4角度,手指5角度,手指6角度,迭代次数
111,20250619_195904,1750334344.1954606,2,267.15,69.75,1318.9,0,0,678,762,986,0,0
数据标签,时间戳,时间点,传感器ID,X轴值,Y轴值,Z轴值,手指1角度,手指2角度,手指3角度,手指4角度,手指5角度,手指6角度,迭代次数
111,20250619_195904,1750334344.196415,3,50.4,38.85,189.002,0,0,678,762,986,0,0
数据标签,时间戳,时间点,传感器ID,X轴值,Y轴值,Z轴值,手指1角度,手指2角度,手指3角度,手指4角度,手指5角度,手指6角度,迭代次数
111,20250619_195907,1750334347.7121463,1,-751.8,-568.35,-723.096,0,0,670,754,978,0,0
数据标签,时间戳,时间点,传感器ID,X轴值,Y轴值,Z轴值,手指1角度,手指2角度,手指3角度,手指4角度,手指5角度,手指6角度,迭代次数
111,20250619_195907,1750334347.713283,2,267.15,69.75,1318.9,0,0,670,754,978,0,0
数据标签,时间戳,时间点,传感器ID,X轴值,Y轴值,Z轴值,手指1角度,手指2角度,手指3角度,手指4角度,手指5角度,手指6角度,迭代次数
111,20250619_195907,1750334347.714319,3,50.4,38.85,189.002,0,0,670,754,978,0,0
数据标签,时间戳,时间点,传感器ID,X轴值,Y轴值,Z轴值,手指1角度,手指2角度,手指3角度,手指4角度,手指5角度,手指6角度,迭代次数
111,20250619_195907,1750334347.9951165,1,-751.8,-568.35,-723.096,0,0,670,754,978,0,0
数据标签,时间戳,时间点,传感器ID,X轴值,Y轴值,Z轴值,手指1角度,手指2角度,手指3角度,手指4角度,手指5角度,手指6角度,迭代次数
111,20250619_195907,1750334347.9961824,2,267.15,69.75,1318.9,0,0,670,754,978,0,0
数据标签,时间戳,时间点,传感器ID,X轴值,Y轴值,Z轴值,手指1角度,手指2角度,手指3角度,手指4角度,手指5角度,手指6角度,迭代次数
111,20250619_195907,1750334347.997401,3,50.4,38.85,189.002,0,0,670,754,978,0,0
数据标签,时间戳,时间点,传感器ID,X轴值,Y轴值,Z轴值,手指1角度,手指2角度,手指3角度,手指4角度,手指5角度,手指6角度,迭代次数
111,20250619_195908,1750334348.4931757,1,-751.8,-568.35,-723.096,0,0,670,754,978,0,0
数据标签,时间戳,时间点,传感器ID,X轴值,Y轴值,Z轴值,手指1角度,手指2角度,手指3角度,手指4角度,手指5角度,手指6角度,迭代次数
111,20250619_195908,1750334348.4946628,2,267.15,69.75,1318.9,0,0,670,754,978,0,0
数据标签,时间戳,时间点,传感器ID,X轴值,Y轴值,Z轴值,手指1角度,手指2角度,手指3角度,手指4角度,手指5角度,手指6角度,迭代次数
111,20250619_195908,1750334348.4972675,3,50.4,38.85,189.002,0,0,670,754,978,0,0
数据标签,时间戳,时间点,传感器ID,X轴值,Y轴值,Z轴值,手指1角度,手指2角度,手指3角度,手指4角度,手指5角度,手指6角度,迭代次数
111,20250619_195908,1750334348.991249,1,-751.8,-568.35,-723.096,0,0,670,754,978,0,0
数据标签,时间戳,时间点,传感器ID,X轴值,Y轴值,Z轴值,手指1角度,手指2角度,手指3角度,手指4角度,手指5角度,手指6角度,迭代次数
111,20250619_195908,1750334348.992544,2,267.15,69.75,1318.9,0,0,670,754,978,0,0
数据标签,时间戳,时间点,传感器ID,X轴值,Y轴值,Z轴值,手指1角度,手指2角度,手指3角度,手指4角度,手指5角度,手指6角度,迭代次数
111,20250619_195908,1750334348.9933968,3,50.4,38.85,189.002,0,0,670,754,978,0,0
数据标签,时间戳,时间点,传感器ID,X轴值,Y轴值,Z轴值,手指1角度,手指2角度,手指3角度,手指4角度,手指5角度,手指6角度,迭代次数
111,20250619_195909,1750334349.4892907,1,-751.8,-568.35,-723.096,0,0,670,754,978,0,0
数据标签,时间戳,时间点,传感器ID,X轴值,Y轴值,Z轴值,手指1角度,手指2角度,手指3角度,手指4角度,手指5角度,手指6角度,迭代次数
111,20250619_195909,1750334349.4908311,2,267.15,69.75,1318.9,0,0,670,754,978,0,0
数据标签,时间戳,时间点,传感器ID,X轴值,Y轴值,Z轴值,手指1角度,手指2角度,手指3角度,手指4角度,手指5角度,手指6角度,迭代次数
111,20250619_195909,1750334349.4921975,3,50.4,38.85,189.002,0,0,670,754,978,0,0
数据标签,时间戳,时间点,传感器ID,X轴值,Y轴值,Z轴值,手指1角度,手指2角度,手指3角度,手指4角度,手指5角度,手指6角度,迭代次数
111,20250619_195910,1750334350.0014918,1,-751.8,-568.35,-723.096,0,0,670,754,978,0,0
数据标签,时间戳,时间点,传感器ID,X轴值,Y轴值,Z轴值,手指1角度,手指2角度,手指3角度,手指4角度,手指5角度,手指6角度,迭代次数
111,20250619_195910,1750334350.002605,2,267.15,69.75,1318.9,0,0,670,754,978,0,0
数据标签,时间戳,时间点,传感器ID,X轴值,Y轴值,Z轴值,手指1角度,手指2角度,手指3角度,手指4角度,手指5角度,手指6角度,迭代次数
111,20250619_195910,1750334350.0036542,3,50.4,38.85,189.002,0,0,670,754,978,0,0
数据标签,时间戳,时间点,传感器ID,X轴值,Y轴值,Z轴值,手指1角度,手指2角度,手指3角度,手指4角度,手指5角度,手指6角度,迭代次数
111,20250619_195910,1750334350.4969327,1,-751.8,-568.35,-723.096,0,0,670,754,978,0,0
数据标签,时间戳,时间点,传感器ID,X轴值,Y轴值,Z轴值,手指1角度,手指2角度,手指3角度,手指4角度,手指5角度,手指6角度,迭代次数
111,20250619_195910,1750334350.4980128,2,267.15,69.75,1318.9,0,0,670,754,978,0,0
数据标签,时间戳,时间点,传感器ID,X轴值,Y轴值,Z轴值,手指1角度,手指2角度,手指3角度,手指4角度,手指5角度,手指6角度,迭代次数
111,20250619_195910,1750334350.4991362,3,50.4,38.85,189.002,0,0,670,754,978,0,0
数据标签,时间戳,时间点,传感器ID,X轴值,Y轴值,Z轴值,手指1角度,手指2角度,手指3角度,手指4角度,手指5角度,手指6角度,迭代次数
111,20250619_195910,1750334350.9918816,1,-751.8,-568.35,-723.096,0,0,670,754,978,0,0
数据标签,时间戳,时间点,传感器ID,X轴值,Y轴值,Z轴值,手指1角度,手指2角度,手指3角度,手指4角度,手指5角度,手指6角度,迭代次数
111,20250619_195910,1750334350.9932997,2,267.15,69.75,1318.9,0,0,670,754,978,0,0
数据标签,时间戳,时间点,传感器ID,X轴值,Y轴值,Z轴值,手指1角度,手指2角度,手指3角度,手指4角度,手指5角度,手指6角度,迭代次数
111,20250619_195910,1750334350.9945996,3,50.4,38.85,189.002,0,0,670,754,978,0,0
数据标签,时间戳,时间点,传感器ID,X轴值,Y轴值,Z轴值,手指1角度,手指2角度,手指3角度,手指4角度,手指5角度,手指6角度,迭代次数
111,20250619_195911,1750334351.4938736,1,-751.8,-568.35,-723.096,0,0,670,754,978,0,0
数据标签,时间戳,时间点,传感器ID,X轴值,Y轴值,Z轴值,手指1角度,手指2角度,手指3角度,手指4角度,手指5角度,手指6角度,迭代次数
111,20250619_195911,1750334351.4951725,2,267.15,69.75,1318.9,0,0,670,754,978,0,0
数据标签,时间戳,时间点,传感器ID,X轴值,Y轴值,Z轴值,手指1角度,手指2角度,手指3角度,手指4角度,手指5角度,手指6角度,迭代次数
111,20250619_195911,1750334351.4962437,3,50.4,38.85,189.002,0,0,670,754,978,0,0
数据标签,时间戳,时间点,传感器ID,X轴值,Y轴值,Z轴值,手指1角度,手指2角度,手指3角度,手指4角度,手指5角度,手指6角度,迭代次数
111,20250619_195911,1750334351.9897525,1,-751.8,-568.35,-723.096,0,0,670,754,978,0,0
数据标签,时间戳,时间点,传感器ID,X轴值,Y轴值,Z轴值,手指1角度,手指2角度,手指3角度,手指4角度,手指5角度,手指6角度,迭代次数
111,20250619_195911,1750334351.991668,2,267.15,69.75,1318.9,0,0,670,754,978,0,0
数据标签,时间戳,时间点,传感器ID,X轴值,Y轴值,Z轴值,手指1角度,手指2角度,手指3角度,手指4角度,手指5角度,手指6角度,迭代次数
111,20250619_195911,1750334351.9924273,3,50.4,38.85,189.002,0,0,670,754,978,0,0
数据标签,时间戳,时间点,传感器ID,X轴值,Y轴值,Z轴值,手指1角度,手指2角度,手指3角度,手指4角度,手指5角度,手指6角度,迭代次数
111,20250619_195912,1750334352.4910052,1,-751.8,-568.35,-723.096,0,0,670,754,978,0,0
数据标签,时间戳,时间点,传感器ID,X轴值,Y轴值,Z轴值,手指1角度,手指2角度,手指3角度,手指4角度,手指5角度,手指6角度,迭代次数
111,20250619_195912,1750334352.4922996,2,267.15,69.75,1318.9,0,0,670,754,978,0,0
数据标签,时间戳,时间点,传感器ID,X轴值,Y轴值,Z轴值,手指1角度,手指2角度,手指3角度,手指4角度,手指5角度,手指6角度,迭代次数
111,20250619_195912,1750334352.4933243,3,50.4,38.85,189.002,0,0,670,754,978,0,0
数据标签,时间戳,时间点,传感器ID,X轴值,Y轴值,Z轴值,手指1角度,手指2角度,手指3角度,手指4角度,手指5角度,手指6角度,迭代次数
111,20250619_195912,1750334352.9923036,1,-751.8,-568.35,-723.096,0,0,670,754,978,0,0
数据标签,时间戳,时间点,传感器ID,X轴值,Y轴值,Z轴值,手指1角度,手指2角度,手指3角度,手指4角度,手指5角度,手指6角度,迭代次数
111,20250619_195912,1750334352.9935687,2,267.15,69.75,1318.9,0,0,670,754,978,0,0
数据标签,时间戳,时间点,传感器ID,X轴值,Y轴值,Z轴值,手指1角度,手指2角度,手指3角度,手指4角度,手指5角度,手指6角度,迭代次数
111,20250619_195912,1750334352.994859,3,50.4,38.85,189.002,0,0,670,754,978,0,0
数据标签,时间戳,时间点,传感器ID,X轴值,Y轴值,Z轴值,手指1角度,手指2角度,手指3角度,手指4角度,手指5角度,手指6角度,迭代次数
111,20250619_195913,1750334353.489972,1,-751.8,-568.35,-723.096,0,0,670,754,978,0,0
数据标签,时间戳,时间点,传感器ID,X轴值,Y轴值,Z轴值,手指1角度,手指2角度,手指3角度,手指4角度,手指5角度,手指6角度,迭代次数
111,20250619_195913,1750334353.4915411,2,267.15,69.75,1318.9,0,0,670,754,978,0,0
数据标签,时间戳,时间点,传感器ID,X轴值,Y轴值,Z轴值,手指1角度,手指2角度,手指3角度,手指4角度,手指5角度,手指6角度,迭代次数
111,20250619_195913,1750334353.4943044,3,50.4,38.85,189.002,0,0,670,754,978,0,0
数据标签,时间戳,时间点,传感器ID,X轴值,Y轴值,Z轴值,手指1角度,手指2角度,手指3角度,手指4角度,手指5角度,手指6角度,迭代次数
111,20250619_195913,1750334353.9876873,1,-751.8,-568.35,-723.096,0,0,670,754,978,0,0
数据标签,时间戳,时间点,传感器ID,X轴值,Y轴值,Z轴值,手指1角度,手指2角度,手指3角度,手指4角度,手指5角度,手指6角度,迭代次数
111,20250619_195913,1750334353.9884944,2,267.15,69.75,1318.9,0,0,670,754,978,0,0
数据标签,时间戳,时间点,传感器ID,X轴值,Y轴值,Z轴值,手指1角度,手指2角度,手指3角度,手指4角度,手指5角度,手指6角度,迭代次数
111,20250619_195913,1750334353.9894927,3,50.4,38.85,189.002,0,0,670,754,978,0,0
数据标签,时间戳,时间点,传感器ID,X轴值,Y轴值,Z轴值,手指1角度,手指2角度,手指3角度,手指4角度,手指5角度,手指6角度,迭代次数
111,20250619_195914,1750334354.5006673,1,-751.8,-568.35,-723.096,0,0,670,754,978,0,0
数据标签,时间戳,时间点,传感器ID,X轴值,Y轴值,Z轴值,手指1角度,手指2角度,手指3角度,手指4角度,手指5角度,手指6角度,迭代次数
111,20250619_195914,1750334354.5013876,2,267.15,69.75,1318.9,0,0,670,754,978,0,0
数据标签,时间戳,时间点,传感器ID,X轴值,Y轴值,Z轴值,手指1角度,手指2角度,手指3角度,手指4角度,手指5角度,手指6角度,迭代次数
111,20250619_195914,1750334354.5020378,3,50.4,38.85,189.002,0,0,670,754,978,0,0
数据标签,时间戳,时间点,传感器ID,X轴值,Y轴值,Z轴值,手指1角度,手指2角度,手指3角度,手指4角度,手指5角度,手指6角度,迭代次数
111,20250619_195914,1750334354.9981177,1,-751.8,-568.35,-723.096,0,0,670,754,978,0,0
数据标签,时间戳,时间点,传感器ID,X轴值,Y轴值,Z轴值,手指1角度,手指2角度,手指3角度,手指4角度,手指5角度,手指6角度,迭代次数
111,20250619_195914,1750334354.999017,2,267.15,69.75,1318.9,0,0,670,754,978,0,0
数据标签,时间戳,时间点,传感器ID,X轴值,Y轴值,Z轴值,手指1角度,手指2角度,手指3角度,手指4角度,手指5角度,手指6角度,迭代次数
111,20250619_195914,1750334354.9997766,3,50.4,38.85,189.002,0,0,670,754,978,0,0
数据标签,时间戳,时间点,传感器ID,X轴值,Y轴值,Z轴值,手指1角度,手指2角度,手指3角度,手指4角度,手指5角度,手指6角度,迭代次数
111,20250619_195915,1750334355.497448,1,-751.8,-568.35,-723.096,0,0,670,754,978,0,0
数据标签,时间戳,时间点,传感器ID,X轴值,Y轴值,Z轴值,手指1角度,手指2角度,手指3角度,手指4角度,手指5角度,手指6角度,迭代次数
111,20250619_195915,1750334355.498478,2,267.15,69.75,1318.9,0,0,670,754,978,0,0
数据标签,时间戳,时间点,传感器ID,X轴值,Y轴值,Z轴值,手指1角度,手指2角度,手指3角度,手指4角度,手指5角度,手指6角度,迭代次数
111,20250619_195915,1750334355.499377,3,50.4,38.85,189.002,0,0,670,754,978,0,0
数据标签,时间戳,时间点,传感器ID,X轴值,Y轴值,Z轴值,手指1角度,手指2角度,手指3角度,手指4角度,手指5角度,手指6角度,迭代次数
111,20250619_195915,1750334355.9909005,1,-751.8,-568.35,-723.096,0,0,670,754,978,0,0
数据标签,时间戳,时间点,传感器ID,X轴值,Y轴值,Z轴值,手指1角度,手指2角度,手指3角度,手指4角度,手指5角度,手指6角度,迭代次数
111,20250619_195915,1750334355.9922357,2,267.15,69.75,1318.9,0,0,670,754,978,0,0
数据标签,时间戳,时间点,传感器ID,X轴值,Y轴值,Z轴值,手指1角度,手指2角度,手指3角度,手指4角度,手指5角度,手指6角度,迭代次数
111,20250619_195915,1750334355.9933066,3,50.4,38.85,189.002,0,0,670,754,978,0,0
数据标签,时间戳,时间点,传感器ID,X轴值,Y轴值,Z轴值,手指1角度,手指2角度,手指3角度,手指4角度,手指5角度,手指6角度,迭代次数
111,20250619_195916,1750334356.5136042,1,-751.8,-568.35,-723.096,0,0,670,754,978,0,0
数据标签,时间戳,时间点,传感器ID,X轴值,Y轴值,Z轴值,手指1角度,手指2角度,手指3角度,手指4角度,手指5角度,手指6角度,迭代次数
111,20250619_195916,1750334356.514707,2,267.15,69.75,1318.9,0,0,670,754,978,0,0
数据标签,时间戳,时间点,传感器ID,X轴值,Y轴值,Z轴值,手指1角度,手指2角度,手指3角度,手指4角度,手指5角度,手指6角度,迭代次数
111,20250619_195916,1750334356.5155976,3,50.4,38.85,189.002,0,0,670,754,978,0,0
数据标签,时间戳,时间点,传感器ID,X轴值,Y轴值,Z轴值,手指1角度,手指2角度,手指3角度,手指4角度,手指5角度,手指6角度,迭代次数
111,20250619_195946,1750334386.8472655,1,-751.8,-568.35,-723.096,0,0,654,738,962,0,1
数据标签,时间戳,时间点,传感器ID,X轴值,Y轴值,Z轴值,手指1角度,手指2角度,手指3角度,手指4角度,手指5角度,手指6角度,迭代次数
111,20250619_195946,1750334386.8486166,2,267.15,69.75,1318.9,0,0,654,738,962,0,1
数据标签,时间戳,时间点,传感器ID,X轴值,Y轴值,Z轴值,手指1角度,手指2角度,手指3角度,手指4角度,手指5角度,手指6角度,迭代次数
111,20250619_195946,1750334386.8497581,3,50.4,38.85,189.002,0,0,654,738,962,0,1
数据标签,时间戳,时间点,传感器ID,X轴值,Y轴值,Z轴值,手指1角度,手指2角度,手指3角度,手指4角度,手指5角度,手指6角度,迭代次数
111,20250619_195947,1750334387.8925416,1,-751.8,-568.35,-723.096,0,0,646,730,954,0,2
数据标签,时间戳,时间点,传感器ID,X轴值,Y轴值,Z轴值,手指1角度,手指2角度,手指3角度,手指4角度,手指5角度,手指6角度,迭代次数
111,20250619_195947,1750334387.8939736,2,267.15,69.75,1318.9,0,0,646,730,954,0,2
数据标签,时间戳,时间点,传感器ID,X轴值,Y轴值,Z轴值,手指1角度,手指2角度,手指3角度,手指4角度,手指5角度,手指6角度,迭代次数
111,20250619_195947,1750334387.8949988,3,50.4,38.85,189.002,0,0,646,730,954,0,2
数据标签,时间戳,时间点,传感器ID,X轴值,Y轴值,Z轴值,手指1角度,手指2角度,手指3角度,手指4角度,手指5角度,手指6角度,迭代次数
111,20250619_195954,1750334394.607566,1,-751.8,-568.35,-723.096,0,0,638,722,946,0,3
数据标签,时间戳,时间点,传感器ID,X轴值,Y轴值,Z轴值,手指1角度,手指2角度,手指3角度,手指4角度,手指5角度,手指6角度,迭代次数
111,20250619_195954,1750334394.6083965,2,267.15,69.75,1318.9,0,0,638,722,946,0,3
数据标签,时间戳,时间点,传感器ID,X轴值,Y轴值,Z轴值,手指1角度,手指2角度,手指3角度,手指4角度,手指5角度,手指6角度,迭代次数
111,20250619_195954,1750334394.6089768,3,50.4,38.85,189.002,0,0,638,722,946,0,3
数据标签,时间戳,时间点,传感器ID,X轴值,Y轴值,Z轴值,手指1角度,手指2角度,手指3角度,手指4角度,手指5角度,手指6角度,迭代次数
111,20250619_195955,1750334395.3819363,1,-751.8,-568.35,-723.096,0,0,630,714,938,0,4
数据标签,时间戳,时间点,传感器ID,X轴值,Y轴值,Z轴值,手指1角度,手指2角度,手指3角度,手指4角度,手指5角度,手指6角度,迭代次数
111,20250619_195955,1750334395.3840787,2,267.15,69.75,1318.9,0,0,630,714,938,0,4
数据标签,时间戳,时间点,传感器ID,X轴值,Y轴值,Z轴值,手指1角度,手指2角度,手指3角度,手指4角度,手指5角度,手指6角度,迭代次数
111,20250619_195955,1750334395.3853557,3,50.4,38.85,189.002,0,0,630,714,938,0,4
数据标签,时间戳,时间点,传感器ID,X轴值,Y轴值,Z轴值,手指1角度,手指2角度,手指3角度,手指4角度,手指5角度,手指6角度,迭代次数
111,20250619_195956,1750334396.3803692,1,-751.8,-568.35,-723.096,0,0,622,706,930,0,5
数据标签,时间戳,时间点,传感器ID,X轴值,Y轴值,Z轴值,手指1角度,手指2角度,手指3角度,手指4角度,手指5角度,手指6角度,迭代次数
111,20250619_195956,1750334396.3816051,2,267.15,69.75,1318.9,0,0,622,706,930,0,5
数据标签,时间戳,时间点,传感器ID,X轴值,Y轴值,Z轴值,手指1角度,手指2角度,手指3角度,手指4角度,手指5角度,手指6角度,迭代次数
111,20250619_195956,1750334396.382665,3,50.4,38.85,189.002,0,0,622,706,930,0,5
数据标签,时间戳,时间点,传感器ID,X轴值,Y轴值,Z轴值,手指1角度,手指2角度,手指3角度,手指4角度,手指5角度,手指6角度,迭代次数
111,20250619_195957,1750334397.4111953,1,-751.8,-568.35,-723.096,0,0,614,698,922,0,6
数据标签,时间戳,时间点,传感器ID,X轴值,Y轴值,Z轴值,手指1角度,手指2角度,手指3角度,手指4角度,手指5角度,手指6角度,迭代次数
111,20250619_195957,1750334397.412287,2,267.15,69.75,1318.9,0,0,614,698,922,0,6
数据标签,时间戳,时间点,传感器ID,X轴值,Y轴值,Z轴值,手指1角度,手指2角度,手指3角度,手指4角度,手指5角度,手指6角度,迭代次数
111,20250619_195957,1750334397.4133484,3,50.4,38.85,189.002,0,0,614,698,922,0,6
数据标签,时间戳,时间点,传感器ID,X轴值,Y轴值,Z轴值,手指1角度,手指2角度,手指3角度,手指4角度,手指5角度,手指6角度,迭代次数
111,20250619_195958,1750334398.3371284,1,-751.8,-568.35,-723.096,0,0,606,690,914,0,7
数据标签,时间戳,时间点,传感器ID,X轴值,Y轴值,Z轴值,手指1角度,手指2角度,手指3角度,手指4角度,手指5角度,手指6角度,迭代次数
111,20250619_195958,1750334398.3381493,2,267.15,69.75,1318.9,0,0,606,690,914,0,7
数据标签,时间戳,时间点,传感器ID,X轴值,Y轴值,Z轴值,手指1角度,手指2角度,手指3角度,手指4角度,手指5角度,手指6角度,迭代次数
111,20250619_195958,1750334398.3396897,3,50.4,38.85,189.002,0,0,606,690,914,0,7
数据标签,时间戳,时间点,传感器ID,X轴值,Y轴值,Z轴值,手指1角度,手指2角度,手指3角度,手指4角度,手指5角度,手指6角度,迭代次数
111,20250619_195959,1750334399.3593311,1,-751.8,-568.35,-723.096,0,0,598,682,906,0,8
数据标签,时间戳,时间点,传感器ID,X轴值,Y轴值,Z轴值,手指1角度,手指2角度,手指3角度,手指4角度,手指5角度,手指6角度,迭代次数
111,20250619_195959,1750334399.3606677,2,267.15,69.75,1318.9,0,0,598,682,906,0,8
数据标签,时间戳,时间点,传感器ID,X轴值,Y轴值,Z轴值,手指1角度,手指2角度,手指3角度,手指4角度,手指5角度,手指6角度,迭代次数
111,20250619_195959,1750334399.3619351,3,50.4,38.85,189.002,0,0,598,682,906,0,8
数据标签,时间戳,时间点,传感器ID,X轴值,Y轴值,Z轴值,手指1角度,手指2角度,手指3角度,手指4角度,手指5角度,手指6角度,迭代次数
111,20250619_200000,1750334400.6513166,1,-751.8,-568.35,-723.096,0,0,590,674,898,0,9
数据标签,时间戳,时间点,传感器ID,X轴值,Y轴值,Z轴值,手指1角度,手指2角度,手指3角度,手指4角度,手指5角度,手指6角度,迭代次数
111,20250619_200000,1750334400.6523876,2,267.15,69.75,1318.9,0,0,590,674,898,0,9
数据标签,时间戳,时间点,传感器ID,X轴值,Y轴值,Z轴值,手指1角度,手指2角度,手指3角度,手指4角度,手指5角度,手指6角度,迭代次数
111,20250619_200000,1750334400.6533682,3,50.4,38.85,189.002,0,0,590,674,898,0,9
数据标签,时间戳,时间点,传感器ID,X轴值,Y轴值,Z轴值,手指1角度,手指2角度,手指3角度,手指4角度,手指5角度,手指6角度,迭代次数
111,20250619_200001,1750334401.6795526,1,-751.8,-568.35,-723.096,0,0,582,666,890,0,10
数据标签,时间戳,时间点,传感器ID,X轴值,Y轴值,Z轴值,手指1角度,手指2角度,手指3角度,手指4角度,手指5角度,手指6角度,迭代次数
111,20250619_200001,1750334401.6803079,2,267.15,69.75,1318.9,0,0,582,666,890,0,10
数据标签,时间戳,时间点,传感器ID,X轴值,Y轴值,Z轴值,手指1角度,手指2角度,手指3角度,手指4角度,手指5角度,手指6角度,迭代次数
111,20250619_200001,1750334401.6810932,3,50.4,38.85,189.002,0,0,582,666,890,0,10
数据标签,时间戳,时间点,传感器ID,X轴值,Y轴值,Z轴值,手指1角度,手指2角度,手指3角度,手指4角度,手指5角度,手指6角度,迭代次数
111,20250619_200002,1750334402.338726,1,-751.8,-568.35,-723.096,0,0,574,658,882,0,11
数据标签,时间戳,时间点,传感器ID,X轴值,Y轴值,Z轴值,手指1角度,手指2角度,手指3角度,手指4角度,手指5角度,手指6角度,迭代次数
111,20250619_200002,1750334402.3401089,2,267.15,69.75,1318.9,0,0,574,658,882,0,11
数据标签,时间戳,时间点,传感器ID,X轴值,Y轴值,Z轴值,手指1角度,手指2角度,手指3角度,手指4角度,手指5角度,手指6角度,迭代次数
111,20250619_200002,1750334402.3414454,3,50.4,38.85,189.002,0,0,574,658,882,0,11
数据标签,时间戳,时间点,传感器ID,X轴值,Y轴值,Z轴值,手指1角度,手指2角度,手指3角度,手指4角度,手指5角度,手指6角度,迭代次数
111,20250619_200003,1750334403.3631501,1,-751.8,-568.35,-723.096,0,0,566,650,874,0,12
数据标签,时间戳,时间点,传感器ID,X轴值,Y轴值,Z轴值,手指1角度,手指2角度,手指3角度,手指4角度,手指5角度,手指6角度,迭代次数
111,20250619_200003,1750334403.3645692,2,267.15,69.75,1318.9,0,0,566,650,874,0,12
数据标签,时间戳,时间点,传感器ID,X轴值,Y轴值,Z轴值,手指1角度,手指2角度,手指3角度,手指4角度,手指5角度,手指6角度,迭代次数
111,20250619_200003,1750334403.3658302,3,50.4,38.85,189.002,0,0,566,650,874,0,12
数据标签,时间戳,时间点,传感器ID,X轴值,Y轴值,Z轴值,手指1角度,手指2角度,手指3角度,手指4角度,手指5角度,手指6角度,迭代次数
111,20250619_200004,1750334404.3748317,1,-751.8,-568.35,-723.096,0,0,558,642,866,0,13
数据标签,时间戳,时间点,传感器ID,X轴值,Y轴值,Z轴值,手指1角度,手指2角度,手指3角度,手指4角度,手指5角度,手指6角度,迭代次数
111,20250619_200004,1750334404.3758073,2,267.15,69.75,1318.9,0,0,558,642,866,0,13
数据标签,时间戳,时间点,传感器ID,X轴值,Y轴值,Z轴值,手指1角度,手指2角度,手指3角度,手指4角度,手指5角度,手指6角度,迭代次数
111,20250619_200004,1750334404.376742,3,50.4,38.85,189.002,0,0,558,642,866,0,13
数据标签,时间戳,时间点,传感器ID,X轴值,Y轴值,Z轴值,手指1角度,手指2角度,手指3角度,手指4角度,手指5角度,手指6角度,迭代次数
111,20250619_200005,1750334405.6365318,1,-751.8,-568.35,-723.096,0,0,550,634,858,0,14
数据标签,时间戳,时间点,传感器ID,X轴值,Y轴值,Z轴值,手指1角度,手指2角度,手指3角度,手指4角度,手指5角度,手指6角度,迭代次数
111,20250619_200005,1750334405.6393657,2,267.15,69.75,1318.9,0,0,550,634,858,0,14
数据标签,时间戳,时间点,传感器ID,X轴值,Y轴值,Z轴值,手指1角度,手指2角度,手指3角度,手指4角度,手指5角度,手指6角度,迭代次数
111,20250619_200005,1750334405.640719,3,50.4,38.85,189.002,0,0,550,634,858,0,14
数据标签,时间戳,时间点,传感器ID,X轴值,Y轴值,Z轴值,手指1角度,手指2角度,手指3角度,手指4角度,手指5角度,手指6角度,迭代次数
111,20250619_200006,1750334406.370337,1,-751.8,-568.35,-723.096,0,0,542,626,850,0,15
数据标签,时间戳,时间点,传感器ID,X轴值,Y轴值,Z轴值,手指1角度,手指2角度,手指3角度,手指4角度,手指5角度,手指6角度,迭代次数
111,20250619_200006,1750334406.3719964,2,267.15,69.75,1318.9,0,0,542,626,850,0,15
数据标签,时间戳,时间点,传感器ID,X轴值,Y轴值,Z轴值,手指1角度,手指2角度,手指3角度,手指4角度,手指5角度,手指6角度,迭代次数
111,20250619_200006,1750334406.3731673,3,50.4,38.85,189.002,0,0,542,626,850,0,15
数据标签,时间戳,时间点,传感器ID,X轴值,Y轴值,Z轴值,手指1角度,手指2角度,手指3角度,手指4角度,手指5角度,手指6角度,迭代次数
111,20250619_200007,1750334407.4113312,1,-751.8,-568.35,-723.096,0,0,534,618,842,0,16
数据标签,时间戳,时间点,传感器ID,X轴值,Y轴值,Z轴值,手指1角度,手指2角度,手指3角度,手指4角度,手指5角度,手指6角度,迭代次数
111,20250619_200007,1750334407.4125202,2,267.15,69.75,1318.9,0,0,534,618,842,0,16
数据标签,时间戳,时间点,传感器ID,X轴值,Y轴值,Z轴值,手指1角度,手指2角度,手指3角度,手指4角度,手指5角度,手指6角度,迭代次数
111,20250619_200007,1750334407.413535,3,50.4,38.85,189.002,0,0,534,618,842,0,16
数据标签,时间戳,时间点,传感器ID,X轴值,Y轴值,Z轴值,手指1角度,手指2角度,手指3角度,手指4角度,手指5角度,手指6角度,迭代次数
111,20250619_200008,1750334408.3643062,1,-751.8,-568.35,-723.096,0,0,526,610,834,0,17
数据标签,时间戳,时间点,传感器ID,X轴值,Y轴值,Z轴值,手指1角度,手指2角度,手指3角度,手指4角度,手指5角度,手指6角度,迭代次数
111,20250619_200008,1750334408.3653665,2,267.15,69.75,1318.9,0,0,526,610,834,0,17
数据标签,时间戳,时间点,传感器ID,X轴值,Y轴值,Z轴值,手指1角度,手指2角度,手指3角度,手指4角度,手指5角度,手指6角度,迭代次数
111,20250619_200008,1750334408.3675563,3,50.4,38.85,189.002,0,0,526,610,834,0,17
数据标签,时间戳,时间点,传感器ID,X轴值,Y轴值,Z轴值,手指1角度,手指2角度,手指3角度,手指4角度,手指5角度,手指6角度,迭代次数
111,20250619_200009,1750334409.3923538,1,-751.8,-568.35,-723.096,0,0,518,602,826,0,18
数据标签,时间戳,时间点,传感器ID,X轴值,Y轴值,Z轴值,手指1角度,手指2角度,手指3角度,手指4角度,手指5角度,手指6角度,迭代次数
111,20250619_200009,1750334409.39347,2,267.15,69.75,1318.9,0,0,518,602,826,0,18
数据标签,时间戳,时间点,传感器ID,X轴值,Y轴值,Z轴值,手指1角度,手指2角度,手指3角度,手指4角度,手指5角度,手指6角度,迭代次数
111,20250619_200009,1750334409.3946931,3,50.4,38.85,189.002,0,0,518,602,826,0,18
数据标签,时间戳,时间点,传感器ID,X轴值,Y轴值,Z轴值,手指1角度,手指2角度,手指3角度,手指4角度,手指5角度,手指6角度,迭代次数
111,20250619_200010,1750334410.670959,1,-751.8,-568.35,-723.096,0,0,510,594,818,0,19
数据标签,时间戳,时间点,传感器ID,X轴值,Y轴值,Z轴值,手指1角度,手指2角度,手指3角度,手指4角度,手指5角度,手指6角度,迭代次数
111,20250619_200010,1750334410.6724825,2,267.15,69.75,1318.9,0,0,510,594,818,0,19
数据标签,时间戳,时间点,传感器ID,X轴值,Y轴值,Z轴值,手指1角度,手指2角度,手指3角度,手指4角度,手指5角度,手指6角度,迭代次数
111,20250619_200010,1750334410.6737115,3,50.4,38.85,189.002,0,0,510,594,818,0,19
数据标签,时间戳,时间点,传感器ID,X轴值,Y轴值,Z轴值,手指1角度,手指2角度,手指3角度,手指4角度,手指5角度,手指6角度,迭代次数
111,20250619_200011,1750334411.383509,1,-751.8,-568.35,-723.096,0,0,502,586,810,0,20
数据标签,时间戳,时间点,传感器ID,X轴值,Y轴值,Z轴值,手指1角度,手指2角度,手指3角度,手指4角度,手指5角度,手指6角度,迭代次数
111,20250619_200011,1750334411.384568,2,267.15,69.75,1318.9,0,0,502,586,810,0,20
数据标签,时间戳,时间点,传感器ID,X轴值,Y轴值,Z轴值,手指1角度,手指2角度,手指3角度,手指4角度,手指5角度,手指6角度,迭代次数
111,20250619_200011,1750334411.387488,3,50.4,38.85,189.002,0,0,502,586,810,0,20
数据标签,时间戳,时间点,传感器ID,X轴值,Y轴值,Z轴值,手指1角度,手指2角度,手指3角度,手指4角度,手指5角度,手指6角度,迭代次数
111,20250619_200012,1750334412.3969803,1,-751.8,-568.35,-723.096,0,0,494,578,802,0,21
数据标签,时间戳,时间点,传感器ID,X轴值,Y轴值,Z轴值,手指1角度,手指2角度,手指3角度,手指4角度,手指5角度,手指6角度,迭代次数
111,20250619_200012,1750334412.398158,2,267.15,69.75,1318.9,0,0,494,578,802,0,21
数据标签,时间戳,时间点,传感器ID,X轴值,Y轴值,Z轴值,手指1角度,手指2角度,手指3角度,手指4角度,手指5角度,手指6角度,迭代次数
111,20250619_200012,1750334412.3992054,3,50.4,38.85,189.002,0,0,494,578,802,0,21
数据标签,时间戳,时间点,传感器ID,X轴值,Y轴值,Z轴值,手指1角度,手指2角度,手指3角度,手指4角度,手指5角度,手指6角度,迭代次数
111,20250619_200112,1750334472.3161952,1,-751.8,-568.35,-723.096,0,0,478,562,786,0,1
数据标签,时间戳,时间点,传感器ID,X轴值,Y轴值,Z轴值,手指1角度,手指2角度,手指3角度,手指4角度,手指5角度,手指6角度,迭代次数
111,20250619_200112,1750334472.317557,2,267.15,69.75,1318.9,0,0,478,562,786,0,1
数据标签,时间戳,时间点,传感器ID,X轴值,Y轴值,Z轴值,手指1角度,手指2角度,手指3角度,手指4角度,手指5角度,手指6角度,迭代次数
111,20250619_200112,1750334472.3187795,3,50.4,38.85,189.002,0,0,478,562,786,0,1
数据标签,时间戳,时间点,传感器ID,X轴值,Y轴值,Z轴值,手指1角度,手指2角度,手指3角度,手指4角度,手指5角度,手指6角度,迭代次数
111,20250619_200113,1750334473.775263,1,-751.8,-568.35,-723.096,0,0,470,554,778,0,2
数据标签,时间戳,时间点,传感器ID,X轴值,Y轴值,Z轴值,手指1角度,手指2角度,手指3角度,手指4角度,手指5角度,手指6角度,迭代次数
111,20250619_200113,1750334473.776202,2,267.15,69.75,1318.9,0,0,470,554,778,0,2
数据标签,时间戳,时间点,传感器ID,X轴值,Y轴值,Z轴值,手指1角度,手指2角度,手指3角度,手指4角度,手指5角度,手指6角度,迭代次数
111,20250619_200113,1750334473.777254,3,50.4,38.85,189.002,0,0,470,554,778,0,2
数据标签,时间戳,时间点,传感器ID,X轴值,Y轴值,Z轴值,手指1角度,手指2角度,手指3角度,手指4角度,手指5角度,手指6角度,迭代次数
111,20250619_200115,1750334475.0332057,1,-751.8,-568.35,-723.096,0,0,462,546,770,0,3
数据标签,时间戳,时间点,传感器ID,X轴值,Y轴值,Z轴值,手指1角度,手指2角度,手指3角度,手指4角度,手指5角度,手指6角度,迭代次数
111,20250619_200115,1750334475.0339844,2,267.15,69.75,1318.9,0,0,462,546,770,0,3
数据标签,时间戳,时间点,传感器ID,X轴值,Y轴值,Z轴值,手指1角度,手指2角度,手指3角度,手指4角度,手指5角度,手指6角度,迭代次数
111,20250619_200115,1750334475.0346656,3,50.4,38.85,189.002,0,0,462,546,770,0,3
数据标签,时间戳,时间点,传感器ID,X轴值,Y轴值,Z轴值,手指1角度,手指2角度,手指3角度,手指4角度,手指5角度,手指6角度,迭代次数
111,20250619_200115,1750334475.7796535,1,-751.8,-568.35,-723.096,0,0,454,538,762,0,4
数据标签,时间戳,时间点,传感器ID,X轴值,Y轴值,Z轴值,手指1角度,手指2角度,手指3角度,手指4角度,手指5角度,手指6角度,迭代次数
111,20250619_200115,1750334475.781926,2,267.15,69.75,1318.9,0,0,454,538,762,0,4
数据标签,时间戳,时间点,传感器ID,X轴值,Y轴值,Z轴值,手指1角度,手指2角度,手指3角度,手指4角度,手指5角度,手指6角度,迭代次数
111,20250619_200115,1750334475.7828372,3,50.4,38.85,189.002,0,0,454,538,762,0,4
数据标签,时间戳,时间点,传感器ID,X轴值,Y轴值,Z轴值,手指1角度,手指2角度,手指3角度,手指4角度,手指5角度,手指6角度,迭代次数
111,20250619_200116,1750334476.7599652,1,-751.8,-568.35,-723.096,0,0,446,530,754,0,5
数据标签,时间戳,时间点,传感器ID,X轴值,Y轴值,Z轴值,手指1角度,手指2角度,手指3角度,手指4角度,手指5角度,手指6角度,迭代次数
111,20250619_200116,1750334476.7613168,2,267.15,69.75,1318.9,0,0,446,530,754,0,5
数据标签,时间戳,时间点,传感器ID,X轴值,Y轴值,Z轴值,手指1角度,手指2角度,手指3角度,手指4角度,手指5角度,手指6角度,迭代次数
111,20250619_200116,1750334476.7624364,3,50.4,38.85,189.002,0,0,446,530,754,0,5
数据标签,时间戳,时间点,传感器ID,X轴值,Y轴值,Z轴值,手指1角度,手指2角度,手指3角度,手指4角度,手指5角度,手指6角度,迭代次数
111,20250619_200117,1750334477.8004959,1,-751.8,-568.35,-723.096,0,0,438,522,746,0,6
数据标签,时间戳,时间点,传感器ID,X轴值,Y轴值,Z轴值,手指1角度,手指2角度,手指3角度,手指4角度,手指5角度,手指6角度,迭代次数
111,20250619_200117,1750334477.8019505,2,267.15,69.75,1318.9,0,0,438,522,746,0,6
数据标签,时间戳,时间点,传感器ID,X轴值,Y轴值,Z轴值,手指1角度,手指2角度,手指3角度,手指4角度,手指5角度,手指6角度,迭代次数
111,20250619_200117,1750334477.8033333,3,50.4,38.85,189.002,0,0,438,522,746,0,6
数据标签,时间戳,时间点,传感器ID,X轴值,Y轴值,Z轴值,手指1角度,手指2角度,手指3角度,手指4角度,手指5角度,手指6角度,迭代次数
111,20250619_200118,1750334478.769555,1,-751.8,-568.35,-723.096,0,0,430,514,738,0,7
数据标签,时间戳,时间点,传感器ID,X轴值,Y轴值,Z轴值,手指1角度,手指2角度,手指3角度,手指4角度,手指5角度,手指6角度,迭代次数
111,20250619_200118,1750334478.7710776,2,267.15,69.75,1318.9,0,0,430,514,738,0,7
数据标签,时间戳,时间点,传感器ID,X轴值,Y轴值,Z轴值,手指1角度,手指2角度,手指3角度,手指4角度,手指5角度,手指6角度,迭代次数
111,20250619_200118,1750334478.7741141,3,50.4,38.85,189.002,0,0,430,514,738,0,7
数据标签,时间戳,时间点,传感器ID,X轴值,Y轴值,Z轴值,手指1角度,手指2角度,手指3角度,手指4角度,手指5角度,手指6角度,迭代次数
111,20250619_200119,1750334479.7803347,1,-751.8,-568.35,-723.096,0,0,422,506,730,0,8
数据标签,时间戳,时间点,传感器ID,X轴值,Y轴值,Z轴值,手指1角度,手指2角度,手指3角度,手指4角度,手指5角度,手指6角度,迭代次数
111,20250619_200119,1750334479.781665,2,267.15,69.75,1318.9,0,0,422,506,730,0,8
数据标签,时间戳,时间点,传感器ID,X轴值,Y轴值,Z轴值,手指1角度,手指2角度,手指3角度,手指4角度,手指5角度,手指6角度,迭代次数
111,20250619_200119,1750334479.7828155,3,50.4,38.85,189.002,0,0,422,506,730,0,8
数据标签,时间戳,时间点,传感器ID,X轴值,Y轴值,Z轴值,手指1角度,手指2角度,手指3角度,手指4角度,手指5角度,手指6角度,迭代次数
111,20250619_200120,1750334480.8081658,1,-751.8,-568.35,-723.096,0,0,414,498,722,0,9
数据标签,时间戳,时间点,传感器ID,X轴值,Y轴值,Z轴值,手指1角度,手指2角度,手指3角度,手指4角度,手指5角度,手指6角度,迭代次数
111,20250619_200120,1750334480.809258,2,267.15,69.75,1318.9,0,0,414,498,722,0,9
数据标签,时间戳,时间点,传感器ID,X轴值,Y轴值,Z轴值,手指1角度,手指2角度,手指3角度,手指4角度,手指5角度,手指6角度,迭代次数
111,20250619_200120,1750334480.8102593,3,50.4,38.85,189.002,0,0,414,498,722,0,9
数据标签,时间戳,时间点,传感器ID,X轴值,Y轴值,Z轴值,手指1角度,手指2角度,手指3角度,手指4角度,手指5角度,手指6角度,迭代次数
111,20250619_200121,1750334481.7575583,1,-751.8,-568.35,-723.096,0,0,406,490,714,0,10
数据标签,时间戳,时间点,传感器ID,X轴值,Y轴值,Z轴值,手指1角度,手指2角度,手指3角度,手指4角度,手指5角度,手指6角度,迭代次数
111,20250619_200121,1750334481.7584937,2,267.15,69.75,1318.9,0,0,406,490,714,0,10
数据标签,时间戳,时间点,传感器ID,X轴值,Y轴值,Z轴值,手指1角度,手指2角度,手指3角度,手指4角度,手指5角度,手指6角度,迭代次数
111,20250619_200121,1750334481.7595272,3,50.4,38.85,189.002,0,0,406,490,714,0,10
数据标签,时间戳,时间点,传感器ID,X轴值,Y轴值,Z轴值,手指1角度,手指2角度,手指3角度,手指4角度,手指5角度,手指6角度,迭代次数
111,20250619_200122,1750334482.7413735,1,-751.8,-568.35,-723.096,0,0,398,482,706,0,11
数据标签,时间戳,时间点,传感器ID,X轴值,Y轴值,Z轴值,手指1角度,手指2角度,手指3角度,手指4角度,手指5角度,手指6角度,迭代次数
111,20250619_200122,1750334482.7423527,2,267.15,69.75,1318.9,0,0,398,482,706,0,11
数据标签,时间戳,时间点,传感器ID,X轴值,Y轴值,Z轴值,手指1角度,手指2角度,手指3角度,手指4角度,手指5角度,手指6角度,迭代次数
111,20250619_200122,1750334482.7433944,3,50.4,38.85,189.002,0,0,398,482,706,0,11
数据标签,时间戳,时间点,传感器ID,X轴值,Y轴值,Z轴值,手指1角度,手指2角度,手指3角度,手指4角度,手指5角度,手指6角度,迭代次数
111,20250619_200123,1750334483.7669406,1,-751.8,-568.35,-723.096,0,0,390,474,698,0,12
数据标签,时间戳,时间点,传感器ID,X轴值,Y轴值,Z轴值,手指1角度,手指2角度,手指3角度,手指4角度,手指5角度,手指6角度,迭代次数
111,20250619_200123,1750334483.7682571,2,267.15,69.75,1318.9,0,0,390,474,698,0,12
数据标签,时间戳,时间点,传感器ID,X轴值,Y轴值,Z轴值,手指1角度,手指2角度,手指3角度,手指4角度,手指5角度,手指6角度,迭代次数
111,20250619_200123,1750334483.7697802,3,50.4,38.85,189.002,0,0,390,474,698,0,12
数据标签,时间戳,时间点,传感器ID,X轴值,Y轴值,Z轴值,手指1角度,手指2角度,手指3角度,手指4角度,手指5角度,手指6角度,迭代次数
111,20250619_200124,1750334484.7617316,1,-751.8,-568.35,-723.096,0,0,382,466,690,0,13
数据标签,时间戳,时间点,传感器ID,X轴值,Y轴值,Z轴值,手指1角度,手指2角度,手指3角度,手指4角度,手指5角度,手指6角度,迭代次数
111,20250619_200124,1750334484.7627757,2,267.15,69.75,1318.9,0,0,382,466,690,0,13
数据标签,时间戳,时间点,传感器ID,X轴值,Y轴值,Z轴值,手指1角度,手指2角度,手指3角度,手指4角度,手指5角度,手指6角度,迭代次数
111,20250619_200124,1750334484.7636926,3,50.4,38.85,189.002,0,0,382,466,690,0,13
数据标签,时间戳,时间点,传感器ID,X轴值,Y轴值,Z轴值,手指1角度,手指2角度,手指3角度,手指4角度,手指5角度,手指6角度,迭代次数
111,20250619_200125,1750334485.755991,1,-751.8,-568.35,-723.096,0,0,374,458,682,0,14
数据标签,时间戳,时间点,传感器ID,X轴值,Y轴值,Z轴值,手指1角度,手指2角度,手指3角度,手指4角度,手指5角度,手指6角度,迭代次数
111,20250619_200125,1750334485.7575343,2,267.15,69.75,1318.9,0,0,374,458,682,0,14
数据标签,时间戳,时间点,传感器ID,X轴值,Y轴值,Z轴值,手指1角度,手指2角度,手指3角度,手指4角度,手指5角度,手指6角度,迭代次数
111,20250619_200125,1750334485.758235,3,50.4,38.85,189.002,0,0,374,458,682,0,14
数据标签,时间戳,时间点,传感器ID,X轴值,Y轴值,Z轴值,手指1角度,手指2角度,手指3角度,手指4角度,手指5角度,手指6角度,迭代次数
111,20250619_200127,1750334487.039813,1,-751.8,-568.35,-723.096,0,0,366,450,674,0,15
数据标签,时间戳,时间点,传感器ID,X轴值,Y轴值,Z轴值,手指1角度,手指2角度,手指3角度,手指4角度,手指5角度,手指6角度,迭代次数
111,20250619_200127,1750334487.0413702,2,267.15,69.75,1318.9,0,0,366,450,674,0,15
数据标签,时间戳,时间点,传感器ID,X轴值,Y轴值,Z轴值,手指1角度,手指2角度,手指3角度,手指4角度,手指5角度,手指6角度,迭代次数
111,20250619_200127,1750334487.0423691,3,50.4,38.85,189.002,0,0,366,450,674,0,15
